year,month,payment_system,volume,value,unit,note
2026,March,NEFT,939.04,5661604.25,"volume in million, value in rupees crore",
2026,March,RTGS,36.63,22131383.57,"volume in million, value in rupees crore",
2026,February,Bharat Bill Pay,249.22,125436.68,"volume in million, value in rupees crore",
2026,February,IMPS,336.09,642473.91,"volume in million, value in rupees crore",
2026,February,Internet Banking,352.13,13824038.29,"volume in million, value in rupees crore",
2026,February,Mobile,18683.48,3914508.82,"volume in million, value in rupees crore",
2026,February,NEFT,812.25,4251140.62,"volume in million, value in rupees crore",
2026,February,RTGS,30.47,17509377.04,"volume in million, value in rupees crore",
2026,February,UPI,20394.18,2684229.29,"volume in million, value in rupees crore",
2026,January,BHIM,183.0,22717.0,"volume in million, value in rupees crore",
2026,January,Bharat Bill Pay,264.02,133744.2,"volume in million, value in rupees crore",
2026,January,IMPS,374.03,672989.44,"volume in million, value in rupees crore",
2026,January,Internet Banking,372.67,13905642.77,"volume in million, value in rupees crore",
2026,January,Mobile,19903.02,4120742.54,"volume in million, value in rupees crore",
2026,January,NEFT,872.42,4329421.05,"volume in million, value in rupees crore",
2026,January,RTGS,31.58,17580603.95,"volume in million, value in rupees crore",
2026,January,UPI,21703.44,2833481.22,"volume in million, value in rupees crore",
2025,December,BHIM,165.1,20854.0,"volume in million, value in rupees crore",
2025,December,Bharat Bill Pay,266.62,135162.87,"volume in million, value in rupees crore",
2025,December,IMPS,379.94,662451.92,"volume in million, value in rupees crore",
2025,December,Internet Banking,375.77,15193135.38,"volume in million, value in rupees crore",
2025,December,Mobile,19874.09,4029352.06,"volume in million, value in rupees crore",
2025,December,NEFT,877.76,4376908.93,"volume in million, value in rupees crore",
2025,December,RTGS,31.64,19992108.13,"volume in million, value in rupees crore",
2025,December,UPI,21634.67,2796712.73,"volume in million, value in rupees crore",
2025,November,BHIM,147.1,18851.0,"volume in million, value in rupees crore",
2025,November,Bharat Bill Pay,257.09,133312.49,"volume in million, value in rupees crore",
2025,November,IMPS,368.93,615176.83,"volume in million, value in rupees crore",
2025,November,Internet Banking,352.71,11864143.2,"volume in million, value in rupees crore",
2025,November,Mobile,18778.72,3769403.23,"volume in million, value in rupees crore",
2025,November,NEFT,817.5,3834099.39,"volume in million, value in rupees crore",
2025,November,RTGS,28.37,15505696.44,"volume in million, value in rupees crore",
2025,November,UPI,20466.98,2631632.63,"volume in million, value in rupees crore",
2025,October,BHIM,135.9,20026.0,"volume in million, value in rupees crore",
2025,October,Bharat Bill Pay,263.44,137638.67,"volume in million, value in rupees crore",
2025,October,IMPS,403.59,641963.61,"volume in million, value in rupees crore",
2025,October,Internet Banking,380.34,13199799.11,"volume in million, value in rupees crore",
2025,October,Mobile,19001.01,3908175.43,"volume in million, value in rupees crore",
2025,October,NEFT,879.1,4273607.85,"volume in million, value in rupees crore",
2025,October,RTGS,29.56,17108665.76,"volume in million, value in rupees crore",
2025,October,UPI,20700.92,2727790.68,"volume in million, value in rupees crore",
2025,September,BHIM,119.85,16803.0,"volume in million, value in rupees crore",
2025,September,Bharat Bill Pay,254.34,126290.06,"volume in million, value in rupees crore",
2025,September,IMPS,394.38,596847.04,"volume in million, value in rupees crore",
2025,September,Internet Banking,375.54,13654297.88,"volume in million, value in rupees crore",
2025,September,Mobile,18100.86,3618113.91,"volume in million, value in rupees crore",
2025,September,NEFT,840.32,4265310.16,"volume in million, value in rupees crore",
2025,September,RTGS,27.96,18220475.32,"volume in million, value in rupees crore",
2025,September,UPI,19633.43,2489736.54,"volume in million, value in rupees crore",
2025,August,BHIM,108.62,15500.0,"volume in million, value in rupees crore",
2025,August,Bharat Bill Pay,257.66,127166.26,"volume in million, value in rupees crore",
2025,August,IMPS,477.26,597548.76,"volume in million, value in rupees crore",
2025,August,Internet Banking,363.81,11554722.66,"volume in million, value in rupees crore",
2025,August,Mobile,18442.2,3539155.56,"volume in million, value in rupees crore",
2025,August,NEFT,828.86,3785259.95,"volume in million, value in rupees crore",
2025,August,RTGS,25.85,14993006.55,"volume in million, value in rupees crore",
2025,August,UPI,20008.31,2485472.91,"volume in million, value in rupees crore",
2025,July,BHIM,94.64,14986.0,"volume in million, value in rupees crore",
2025,July,Bharat Bill Pay,259.77,129838.03,"volume in million, value in rupees crore",
2025,July,IMPS,482.19,631411.21,"volume in million, value in rupees crore",
2025,July,Internet Banking,398.76,12803198.17,"volume in million, value in rupees crore",
2025,July,Mobile,18036.8,3658440.69,"volume in million, value in rupees crore",
2025,July,NEFT,850.01,3993960.21,"volume in million, value in rupees crore",
2025,July,RTGS,27.65,16624623.66,"volume in million, value in rupees crore",
2025,July,UPI,19467.95,2508498.09,"volume in million, value in rupees crore",
2025,June,BHIM,79.64,12124.2,"volume in million, value in rupees crore",
2025,June,Bharat Bill Pay,249.71,120841.62,"volume in million, value in rupees crore",
2025,June,IMPS,448.1,606356.29,"volume in million, value in rupees crore",
2025,June,Internet Banking,363.58,12824960.5,"volume in million, value in rupees crore",
2025,June,Mobile,17064.01,3467471.08,"volume in million, value in rupees crore",
2025,June,NEFT,792.05,3764741.56,"volume in million, value in rupees crore",
2025,June,RTGS,25.37,16983277.89,"volume in million, value in rupees crore",
2025,June,UPI,18395.01,2403930.69,"volume in million, value in rupees crore",
2025,May,BHIM,70.96,11621.0,"volume in million, value in rupees crore",
2025,May,Bharat Bill Pay,258.11,125720.42,"volume in million, value in rupees crore",
2025,May,IMPS,463.66,640867.39,"volume in million, value in rupees crore",
2025,May,Internet Banking,366.87,11661241.2,"volume in million, value in rupees crore",
2025,May,Mobile,17323.89,3641731.78,"volume in million, value in rupees crore",
2025,May,NEFT,821.55,3793102.92,"volume in million, value in rupees crore",
2025,May,RTGS,27.35,15219872.71,"volume in million, value in rupees crore",
2025,May,UPI,18677.46,2514297.01,"volume in million, value in rupees crore",
2025,April,BHIM,59.31,10688.1,"volume in million, value in rupees crore",
2025,April,Bharat Bill Pay,242.54,110732.13,"volume in million, value in rupees crore",
2025,April,IMPS,449.25,621666.39,"volume in million, value in rupees crore",
2025,April,Internet Banking,365.35,11633516.72,"volume in million, value in rupees crore",
2025,April,Mobile,16582.62,3504510.0,"volume in million, value in rupees crore",
2025,April,NEFT,768.75,3897347.9,"volume in million, value in rupees crore",
2025,April,RTGS,26.12,15060026.37,"volume in million, value in rupees crore",
2025,April,UPI,17893.42,2394925.87,"volume in million, value in rupees crore",
2025,March,BHIM,52.09,9856.48,"volume in million, value in rupees crore",
2025,March,Bharat Bill Pay,260.07,123655.94,"volume in million, value in rupees crore",
2025,March,IMPS,461.64,667812.82,"volume in million, value in rupees crore",
2025,March,Internet Banking,409.62,13992340.25,"volume in million, value in rupees crore",
2025,March,Mobile,17117.42,3769671.5,"volume in million, value in rupees crore",
2025,March,NEFT,900.9,4854308.48,"volume in million, value in rupees crore",
2025,March,RTGS,30.57,19394682.6,"volume in million, value in rupees crore",
2025,March,UPI,18301.51,2477221.61,"volume in million, value in rupees crore",
2025,February,BHIM,42.36,8731.1,"volume in million, value in rupees crore",
2025,February,Bharat Bill Pay,234.06,103215.52,"volume in million, value in rupees crore",
2025,February,IMPS,404.83,563081.64,"volume in million, value in rupees crore",
2025,February,Internet Banking,363.58,10339283.69,"volume in million, value in rupees crore",
2025,February,Mobile,15003.15,3215517.21,"volume in million, value in rupees crore",
2025,February,NEFT,764.79,3540103.38,"volume in million, value in rupees crore",
2025,February,RTGS,24.3,14226026.94,"volume in million, value in rupees crore",
2025,February,UPI,16106.19,2196481.69,"volume in million, value in rupees crore",
2025,January,BHIM,38.97,9604.24,"volume in million, value in rupees crore",
2025,January,Bharat Bill Pay,246.52,110886.44,"volume in million, value in rupees crore",
2025,January,IMPS,444.22,606420.2,"volume in million, value in rupees crore",
2025,January,Internet Banking,416.7,11639720.76,"volume in million, value in rupees crore",
2025,January,Mobile,15879.48,3451865.41,"volume in million, value in rupees crore",
2025,January,NEFT,856.79,3848032.95,"volume in million, value in rupees crore",
2025,January,RTGS,26.69,15571747.79,"volume in million, value in rupees crore",
2025,January,UPI,16996.0,2348037.12,"volume in million, value in rupees crore",
2024,December,BHIM,33.67,9401.22,"volume in million, value in rupees crore",
2024,December,Bharat Bill Pay,244.91,107959.5,"volume in million, value in rupees crore",
2024,December,IMPS,441.16,601549.16,"volume in million, value in rupees crore",
2024,December,Internet Banking,407.27,12203094.9,"volume in million, value in rupees crore",
2024,December,Mobile,15676.33,3455808.18,"volume in million, value in rupees crore",
2024,December,NEFT,0.01,3814965.98,"volume in million, value in rupees crore",
2024,December,RTGS,26.11,17161423.37,"volume in million, value in rupees crore",
2024,December,UPI,16730.01,2324699.91,"volume in million, value in rupees crore",
2024,November,BHIM,29.75,8407.2,"volume in million, value in rupees crore",
2024,November,Bharat Bill Pay,231.65,100999.13,"volume in million, value in rupees crore",
2024,November,IMPS,407.92,558327.6,"volume in million, value in rupees crore",
2024,November,Internet Banking,365.98,9925227.54,"volume in million, value in rupees crore",
2024,November,Mobile,14494.07,3215536.47,"volume in million, value in rupees crore",
2024,November,NEFT,0.01,3380883.69,"volume in million, value in rupees crore",
2024,November,RTGS,23.92,13504832.52,"volume in million, value in rupees crore",
2024,November,UPI,15482.02,2155187.4,"volume in million, value in rupees crore",
2024,October,BHIM,33.14,10386.36,"volume in million, value in rupees crore",
2024,October,Bharat Bill Pay,239.31,104693.97,"volume in million, value in rupees crore",
2024,October,IMPS,466.82,629381.51,"volume in million, value in rupees crore",
2024,October,Internet Banking,425.99,11281097.83,"volume in million, value in rupees crore",
2024,October,Mobile,15487.68,3532243.45,"volume in million, value in rupees crore",
2024,October,NEFT,0.01,4152427.74,"volume in million, value in rupees crore",
2024,October,RTGS,26.67,15418777.86,"volume in million, value in rupees crore",
2024,October,UPI,16584.97,2349821.46,"volume in million, value in rupees crore",
2024,September,BHIM,29.07,8656.17,"volume in million, value in rupees crore",
2024,September,Bharat Bill Pay,221.08,87187.36,"volume in million, value in rupees crore",
2024,September,IMPS,429.93,565232.68,"volume in million, value in rupees crore",
2024,September,Internet Banking,391.13,11251664.84,"volume in million, value in rupees crore",
2024,September,Mobile,14402.81,3157064.07,"volume in million, value in rupees crore",
2024,September,NEFT,0.01,3597884.88,"volume in million, value in rupees crore",
2024,September,RTGS,23.22,16027654.83,"volume in million, value in rupees crore",
2024,September,UPI,15041.75,2063994.71,"volume in million, value in rupees crore",
2024,August,BHIM,28.28,8529.04,"volume in million, value in rupees crore",
2024,August,Bharat Bill Pay,216.75,85976.37,"volume in million, value in rupees crore",
2024,August,IMPS,453.33,577887.89,"volume in million, value in rupees crore",
2024,August,Internet Banking,398.01,10547356.77,"volume in million, value in rupees crore",
2024,August,Mobile,14446.32,3182911.91,"volume in million, value in rupees crore",
2024,August,NEFT,0.01,3590587.89,"volume in million, value in rupees crore",
2024,August,RTGS,23.63,14385410.48,"volume in million, value in rupees crore",
2024,August,UPI,14963.05,2060735.57,"volume in million, value in rupees crore",
2024,July,BHIM,26.89,8932.3,"volume in million, value in rupees crore",
2024,July,Bharat Bill Pay,189.52,65733.38,"volume in million, value in rupees crore",
2024,July,IMPS,490.28,593176.6,"volume in million, value in rupees crore",
2024,July,Internet Banking,430.57,10958678.49,"volume in million, value in rupees crore",
2024,July,Mobile,13852.37,3141240.58,"volume in million, value in rupees crore",
2024,July,NEFT,0.01,3662263.72,"volume in million, value in rupees crore",
2024,July,RTGS,24.55,14531533.41,"volume in million, value in rupees crore",
2024,July,UPI,14435.55,2064292.41,"volume in million, value in rupees crore",
2024,June,BHIM,25.52,8280.36,"volume in million, value in rupees crore",
2024,June,Bharat Bill Pay,157.44,44829.87,"volume in million, value in rupees crore",
2024,June,IMPS,516.75,577794.22,"volume in million, value in rupees crore",
2024,June,Internet Banking,378.04,10487117.81,"volume in million, value in rupees crore",
2024,June,Mobile,13284.61,3029192.58,"volume in million, value in rupees crore",
2024,June,NEFT,0.01,3331461.27,"volume in million, value in rupees crore",
2024,June,RTGS,23.07,14570686.3,"volume in million, value in rupees crore",
2024,June,UPI,13885.14,2007081.2,"volume in million, value in rupees crore",
2024,May,BHIM,25.78,8307.54,"volume in million, value in rupees crore",
2024,May,Bharat Bill Pay,155.79,42992.86,"volume in million, value in rupees crore",
2024,May,IMPS,557.7,606166.8,"volume in million, value in rupees crore",
2024,May,Internet Banking,381.24,9595069.27,"volume in million, value in rupees crore",
2024,May,Mobile,13323.23,3092907.72,"volume in million, value in rupees crore",
2024,May,NEFT,0.01,3457994.85,"volume in million, value in rupees crore",
2024,May,RTGS,24.85,13559606.44,"volume in million, value in rupees crore",
2024,May,UPI,14035.84,2044937.05,"volume in million, value in rupees crore",
2024,April,BHIM,25.23,8652.97,"volume in million, value in rupees crore",
2024,April,Bharat Bill Pay,143.59,35522.03,"volume in million, value in rupees crore",
2024,April,IMPS,550.36,592278.85,"volume in million, value in rupees crore",
2024,April,Internet Banking,379.68,9637480.42,"volume in million, value in rupees crore",
2024,April,Mobile,12730.23,2962261.68,"volume in million, value in rupees crore",
2024,April,NEFT,0.01,3230549.49,"volume in million, value in rupees crore",
2024,April,RTGS,23.45,12800746.32,"volume in million, value in rupees crore",
2024,April,UPI,13303.99,1964464.52,"volume in million, value in rupees crore",
2024,March,BHIM,29.87,8319.37,"volume in million, value in rupees crore",
2024,March,Bharat Bill Pay,140.03,33878.4,"volume in million, value in rupees crore",
2024,March,IMPS,580.64,634705.71,"volume in million, value in rupees crore",
2024,March,Internet Banking,425.05,10374044.55,"volume in million, value in rupees crore",
2024,March,Mobile,12862.56,3131961.3,"volume in million, value in rupees crore",
2024,March,NEFT,0.01,4320840.23,"volume in million, value in rupees crore",
2024,March,RTGS,27.72,16588625.49,"volume in million, value in rupees crore",
2024,March,UPI,13440.0,1978353.23,"volume in million, value in rupees crore",
2024,February,BHIM,55.99,9033.14,"volume in million, value in rupees crore",
2024,February,Bharat Bill Pay,124.91,30286.03,"volume in million, value in rupees crore",
2024,February,IMPS,534.63,568091.81,"volume in million, value in rupees crore",
2024,February,Internet Banking,380.04,8867590.94,"volume in million, value in rupees crore",
2024,February,Mobile,11727.5,2828120.05,"volume in million, value in rupees crore",
2024,February,NEFT,0.01,3471494.54,"volume in million, value in rupees crore",
2024,February,RTGS,23.71,13083464.01,"volume in million, value in rupees crore",
2024,February,UPI,12102.67,1827869.35,"volume in million, value in rupees crore",
2024,January,BHIM,29.79,8756.95,"volume in million, value in rupees crore",
2024,January,Bharat Bill Pay,124.89,29462.76,"volume in million, value in rupees crore",
2024,January,IMPS,508.79,566309.72,"volume in million, value in rupees crore",
2024,January,Internet Banking,383.77,9123990.13,"volume in million, value in rupees crore",
2024,January,Mobile,11785.49,2815295.77,"volume in million, value in rupees crore",
2024,January,NEFT,0.01,3367322.17,"volume in million, value in rupees crore",
2024,January,RTGS,22.98,13127719.6,"volume in million, value in rupees crore",
2024,January,UPI,12203.02,1841083.97,"volume in million, value in rupees crore",
2023,December,BHIM,24.09,8405.5,"volume in million, value in rupees crore",
2023,December,Bharat Bill Pay,125.35,29997.37,"volume in million, value in rupees crore",
2023,December,IMPS,498.79,570126.05,"volume in million, value in rupees crore",
2023,December,Internet Banking,383.63,9388620.23,"volume in million, value in rupees crore",
2023,December,Mobile,11632.98,2804467.45,"volume in million, value in rupees crore",
2023,December,NEFT,0.01,3368835.71,"volume in million, value in rupees crore",
2023,December,RTGS,22.92,14244586.46,"volume in million, value in rupees crore",
2023,December,UPI,12020.23,1822949.42,"volume in million, value in rupees crore",
2023,November,BHIM,23.22,7919.85,"volume in million, value in rupees crore",
2023,November,Bharat Bill Pay,122.71,27579.17,"volume in million, value in rupees crore",
2023,November,IMPS,472.38,535001.69,"volume in million, value in rupees crore",
2023,November,Internet Banking,362.26,8033440.17,"volume in million, value in rupees crore",
2023,November,Mobile,10864.61,2646783.38,"volume in million, value in rupees crore",
2023,November,NEFT,0.01,3208491.45,"volume in million, value in rupees crore",
2023,November,RTGS,21.8,12078797.11,"volume in million, value in rupees crore",
2023,November,UPI,11235.29,1739740.61,"volume in million, value in rupees crore",
2023,October,BHIM,25.47,8137.06,"volume in million, value in rupees crore",
2023,October,Bharat Bill Pay,119.07,26226.05,"volume in million, value in rupees crore",
2023,October,IMPS,492.88,538238.51,"volume in million, value in rupees crore",
2023,October,Internet Banking,373.6,8464802.29,"volume in million, value in rupees crore",
2023,October,Mobile,10933.41,2619085.83,"volume in million, value in rupees crore",
2023,October,NEFT,0.01,3262014.74,"volume in million, value in rupees crore",
2023,October,RTGS,22.35,11899324.4,"volume in million, value in rupees crore",
2023,October,UPI,11408.79,1715768.34,"volume in million, value in rupees crore",
2023,September,BHIM,23.9,7968.07,"volume in million, value in rupees crore",
2023,September,Bharat Bill Pay,107.0,23662.27,"volume in million, value in rupees crore",
2023,September,IMPS,472.9,507497.22,"volume in million, value in rupees crore",
2023,September,Internet Banking,365.03,8219961.79,"volume in million, value in rupees crore",
2023,September,Mobile,10121.46,2434720.68,"volume in million, value in rupees crore",
2023,September,NEFT,0.01,3126189.59,"volume in million, value in rupees crore",
2023,September,RTGS,21.28,12960209.56,"volume in million, value in rupees crore",
2023,September,UPI,10555.69,1579133.18,"volume in million, value in rupees crore",
2023,August,BHIM,24.32,7742.34,"volume in million, value in rupees crore",
2023,August,Bharat Bill Pay,108.35,23568.78,"volume in million, value in rupees crore",
2023,August,IMPS,489.16,514279.53,"volume in million, value in rupees crore",
2023,August,Internet Banking,379.1,8295084.56,"volume in million, value in rupees crore",
2023,August,Mobile,10142.32,2423256.6,"volume in million, value in rupees crore",
2023,August,NEFT,0.01,3134601.65,"volume in million, value in rupees crore",
2023,August,RTGS,21.69,12202746.72,"volume in million, value in rupees crore",
2023,August,UPI,10586.02,1576536.56,"volume in million, value in rupees crore",
2023,July,BHIM,24.66,8201.86,"volume in million, value in rupees crore",
2023,July,Bharat Bill Pay,108.06,23681.23,"volume in million, value in rupees crore",
2023,July,IMPS,489.71,512311.87,"volume in million, value in rupees crore",
2023,July,Internet Banking,393.89,8157864.28,"volume in million, value in rupees crore",
2023,July,Mobile,9334.03,2316953.51,"volume in million, value in rupees crore",
2023,July,NEFT,0.01,3049364.43,"volume in million, value in rupees crore",
2023,July,RTGS,21.07,11615417.32,"volume in million, value in rupees crore",
2023,July,UPI,9964.61,1533536.44,"volume in million, value in rupees crore",
2023,June,BHIM,22.9,7258.64,"volume in million, value in rupees crore",
2023,June,Bharat Bill Pay,102.53,21463.62,"volume in million, value in rupees crore",
2023,June,IMPS,468.1,500481.23,"volume in million, value in rupees crore",
2023,June,Internet Banking,356.63,8354717.17,"volume in million, value in rupees crore",
2023,June,Mobile,8809.77,2243152.3,"volume in million, value in rupees crore",
2023,June,NEFT,0.01,3039490.65,"volume in million, value in rupees crore",
2023,June,RTGS,21.11,12739932.11,"volume in million, value in rupees crore",
2023,June,UPI,9335.06,1475464.26,"volume in million, value in rupees crore",
2023,May,BHIM,22.8,7189.16,"volume in million, value in rupees crore",
2023,May,Bharat Bill Pay,105.36,20021.65,"volume in million, value in rupees crore",
2023,May,IMPS,499.98,525810.13,"volume in million, value in rupees crore",
2023,May,Internet Banking,359.9,7800962.35,"volume in million, value in rupees crore",
2023,May,Mobile,8710.07,2268478.87,"volume in million, value in rupees crore",
2023,May,NEFT,0.0,3026330.56,"volume in million, value in rupees crore",
2023,May,RTGS,21.92,11413320.96,"volume in million, value in rupees crore",
2023,May,UPI,9415.19,1489145.44,"volume in million, value in rupees crore",
2023,April,BHIM,23.61,7349.81,"volume in million, value in rupees crore",
2023,April,Bharat Bill Pay,98.92,17123.04,"volume in million, value in rupees crore",
2023,April,IMPS,495.8,521050.26,"volume in million, value in rupees crore",
2023,April,Internet Banking,340.61,7036658.28,"volume in million, value in rupees crore",
2023,April,Mobile,8335.72,2154812.61,"volume in million, value in rupees crore",
2023,April,NEFT,0.0,2761038.29,"volume in million, value in rupees crore",
2023,April,RTGS,20.04,10452024.05,"volume in million, value in rupees crore",
2023,April,UPI,8863.26,1415504.71,"volume in million, value in rupees crore",
2023,March,BHIM,23.53,7480.69,"volume in million, value in rupees crore",
2023,March,Bharat Bill Pay,111.53,18536.23,"volume in million, value in rupees crore",
2023,March,IMPS,497.06,546235.62,"volume in million, value in rupees crore",
2023,March,Internet Banking,387.95,8981726.92,"volume in million, value in rupees crore",
2023,March,Mobile,8164.87,2250093.73,"volume in million, value in rupees crore",
2023,March,NEFT,0.01,3750569.41,"volume in million, value in rupees crore",
2023,March,RTGS,24.67,14416322.43,"volume in million, value in rupees crore",
2023,March,UPI,8685.3,1410443.01,"volume in million, value in rupees crore",
2023,February,BHIM,23.06,7140.91,"volume in million, value in rupees crore",
2023,February,Bharat Bill Pay,96.23,16301.09,"volume in million, value in rupees crore",
2023,February,IMPS,447.82,468647.1,"volume in million, value in rupees crore",
2023,February,Internet Banking,331.9,7380903.67,"volume in million, value in rupees crore",
2023,February,Mobile,7254.29,1930128.81,"volume in million, value in rupees crore",
2023,February,NEFT,0.0,2775971.89,"volume in million, value in rupees crore",
2023,February,RTGS,19.94,10566198.18,"volume in million, value in rupees crore",
2023,February,UPI,7534.76,1235846.62,"volume in million, value in rupees crore",
2023,January,BHIM,24.79,8145.17,"volume in million, value in rupees crore",
2023,January,Bharat Bill Pay,100.14,16798.5,"volume in million, value in rupees crore",
2023,January,IMPS,474.51,477592.02,"volume in million, value in rupees crore",
2023,January,Internet Banking,354.47,7327328.18,"volume in million, value in rupees crore",
2023,January,Mobile,7594.78,1962894.91,"volume in million, value in rupees crore",
2023,January,NEFT,0.0,2810179.96,"volume in million, value in rupees crore",
2023,January,RTGS,20.3,11028450.5,"volume in million, value in rupees crore",
2023,January,UPI,8036.89,1298726.62,"volume in million, value in rupees crore",
2022,December,BHIM,25.31,8379.11,"volume in million, value in rupees crore",
2022,December,Bharat Bill Pay,99.68,16910.36,"volume in million, value in rupees crore",
2022,December,IMPS,485.84,486552.12,"volume in million, value in rupees crore",
2022,December,Internet Banking,366.2,8544691.61,"volume in million, value in rupees crore",
2022,December,Mobile,7441.58,1991762.77,"volume in million, value in rupees crore",
2022,December,NEFT,0.0,2981681.17,"volume in million, value in rupees crore",
2022,December,RTGS,21.38,12180091.05,"volume in million, value in rupees crore",
2022,December,UPI,7829.49,1282055.01,"volume in million, value in rupees crore",
2022,November,BHIM,24.83,8125.93,"volume in million, value in rupees crore",
2022,November,Bharat Bill Pay,94.97,16585.41,"volume in million, value in rupees crore",
2022,November,IMPS,463.48,454678.64,"volume in million, value in rupees crore",
2022,November,Internet Banking,348.61,7786126.76,"volume in million, value in rupees crore",
2022,November,Mobile,7018.84,1874436.45,"volume in million, value in rupees crore",
2022,November,NEFT,0.0,2730878.35,"volume in million, value in rupees crore",
2022,November,RTGS,20.53,10691727.02,"volume in million, value in rupees crore",
2022,November,UPI,7309.45,1190593.39,"volume in million, value in rupees crore",
2022,October,BHIM,25.36,8508.14,"volume in million, value in rupees crore",
2022,October,Bharat Bill Pay,94.06,16473.52,"volume in million, value in rupees crore",
2022,October,IMPS,482.46,466081.76,"volume in million, value in rupees crore",
2022,October,Internet Banking,361.91,7172840.42,"volume in million, value in rupees crore",
2022,October,Mobile,7032.87,1876993.39,"volume in million, value in rupees crore",
2022,October,NEFT,0.0,2726827.1,"volume in million, value in rupees crore",
2022,October,RTGS,18.92,10015711.49,"volume in million, value in rupees crore",
2022,October,UPI,7305.42,1211582.51,"volume in million, value in rupees crore",
2022,September,BHIM,25.02,8291.78,"volume in million, value in rupees crore",
2022,September,Bharat Bill Pay,89.01,16450.29,"volume in million, value in rupees crore",
2022,September,IMPS,462.69,455056.84,"volume in million, value in rupees crore",
2022,September,Internet Banking,357.64,8423480.65,"volume in million, value in rupees crore",
2022,September,Mobile,6566.05,1791833.92,"volume in million, value in rupees crore",
2022,September,NEFT,0.0,2922912.81,"volume in million, value in rupees crore",
2022,September,RTGS,19.71,12094321.25,"volume in million, value in rupees crore",
2022,September,UPI,6780.8,1116438.1,"volume in million, value in rupees crore",
2022,August,BHIM,24.83,7843.39,"volume in million, value in rupees crore",
2022,August,Bharat Bill Pay,87.46,16085.33,"volume in million, value in rupees crore",
2022,August,IMPS,466.91,445988.96,"volume in million, value in rupees crore",
2022,August,Internet Banking,352.92,7342636.42,"volume in million, value in rupees crore",
2022,August,Mobile,6531.32,1742249.75,"volume in million, value in rupees crore",
2022,August,NEFT,0.0,2631639.01,"volume in million, value in rupees crore",
2022,August,RTGS,18.69,10274479.6,"volume in million, value in rupees crore",
2022,August,UPI,6579.63,1072792.68,"volume in million, value in rupees crore",
2022,July,BHIM,24.32,7806.3,"volume in million, value in rupees crore",
2022,July,Bharat Bill Pay,85.84,16217.56,"volume in million, value in rupees crore",
2022,July,IMPS,460.83,444540.95,"volume in million, value in rupees crore",
2022,July,Internet Banking,375.65,7387328.25,"volume in million, value in rupees crore",
2022,July,Mobile,6143.8,1699579.51,"volume in million, value in rupees crore",
2022,July,NEFT,0.0,2627353.96,"volume in million, value in rupees crore",
2022,July,RTGS,18.81,9927090.96,"volume in million, value in rupees crore",
2022,July,UPI,6288.4,1062991.76,"volume in million, value in rupees crore",
2022,June,BHIM,22.5,7515.5,"volume in million, value in rupees crore",
2022,June,Bharat Bill Pay,82.12,15153.94,"volume in million, value in rupees crore",
2022,June,IMPS,455.7,443776.03,"volume in million, value in rupees crore",
2022,June,Internet Banking,357.22,8264386.5,"volume in million, value in rupees crore",
2022,June,Mobile,5596.54,1631824.02,"volume in million, value in rupees crore",
2022,June,NEFT,0.0,2716012.88,"volume in million, value in rupees crore",
2022,June,RTGS,19.32,10840908.94,"volume in million, value in rupees crore",
2022,June,UPI,5862.75,1014384.31,"volume in million, value in rupees crore",
2022,May,BHIM,26.47,9545.76,"volume in million, value in rupees crore",
2022,May,Bharat Bill Pay,82.07,13824.11,"volume in million, value in rupees crore",
2022,May,IMPS,484.81,452328.1,"volume in million, value in rupees crore",
2022,May,Internet Banking,301.51,5707943.66,"volume in million, value in rupees crore",
2022,May,Mobile,5789.62,1672651.06,"volume in million, value in rupees crore",
2022,May,NEFT,0.0,2546927.61,"volume in million, value in rupees crore",
2022,May,RTGS,19.45,9851273.85,"volume in million, value in rupees crore",
2022,May,UPI,5955.2,1041520.07,"volume in million, value in rupees crore",
2022,April,BHIM,25.6,8342.24,"volume in million, value in rupees crore",
2022,April,Bharat Bill Pay,74.12,11324.11,"volume in million, value in rupees crore",
2022,April,IMPS,471.62,444669.88,"volume in million, value in rupees crore",
2022,April,Internet Banking,367.08,7219902.95,"volume in million, value in rupees crore",
2022,April,Mobile,5399.27,1607179.21,"volume in million, value in rupees crore",
2022,April,NEFT,0.0,2498586.9,"volume in million, value in rupees crore",
2022,April,RTGS,19.41,9780600.28,"volume in million, value in rupees crore",
2022,April,UPI,5583.05,983302.27,"volume in million, value in rupees crore",
2022,March,BHIM,24.79,8038.24,"volume in million, value in rupees crore",
2022,March,Bharat Bill Pay,71.32,11467.46,"volume in million, value in rupees crore",
2022,March,IMPS,492.0,462278.8,"volume in million, value in rupees crore",
2022,March,Internet Banking,391.54,8839998.09,"volume in million, value in rupees crore",
2022,March,Mobile,5163.63,1573995.41,"volume in million, value in rupees crore",
2022,March,NEFT,0.0,3492578.21,"volume in million, value in rupees crore",
2022,March,RTGS,22.87,13069668.93,"volume in million, value in rupees crore",
2022,March,UPI,5405.65,960581.66,"volume in million, value in rupees crore",
2022,February,BHIM,23.18,7881.56,"volume in million, value in rupees crore",
2022,February,Bharat Bill Pay,62.45,9974.5,"volume in million, value in rupees crore",
2022,February,IMPS,420.93,384404.01,"volume in million, value in rupees crore",
2022,February,Mobile,0.04,132.81,"volume in million, value in rupees crore",
2022,February,NEFT,0.0,2477058.56,"volume in million, value in rupees crore",
2022,February,RTGS,17.92,9277355.75,"volume in million, value in rupees crore",
2022,February,UPI,4527.49,826843.0,"volume in million, value in rupees crore",
2022,January,BHIM,25.74,8500.79,"volume in million, value in rupees crore",
2022,January,Bharat Bill Pay,62.71,10082.75,"volume in million, value in rupees crore",
2022,January,IMPS,440.17,387006.73,"volume in million, value in rupees crore",
2022,January,Mobile,0.05,134.22,"volume in million, value in rupees crore",
2022,January,NEFT,0.0,2442685.82,"volume in million, value in rupees crore",
2022,January,RTGS,18.01,9285159.48,"volume in million, value in rupees crore",
2022,January,UPI,4617.15,831993.11,"volume in million, value in rupees crore",
2021,December,BHIM,27.01,8816.1,"volume in million, value in rupees crore",
2021,December,Bharat Bill Pay,62.14,10338.41,"volume in million, value in rupees crore",
2021,December,IMPS,442.98,396411.41,"volume in million, value in rupees crore",
2021,December,Mobile,0.05,135.94,"volume in million, value in rupees crore",
2021,December,NEFT,0.0,2724980.11,"volume in million, value in rupees crore",
2021,December,RTGS,19.15,11418232.57,"volume in million, value in rupees crore",
2021,December,UPI,4566.3,826848.22,"volume in million, value in rupees crore",
2021,November,BHIM,25.13,8221.91,"volume in million, value in rupees crore",
2021,November,Bharat Bill Pay,59.49,10222.84,"volume in million, value in rupees crore",
2021,November,IMPS,412.05,364679.71,"volume in million, value in rupees crore",
2021,November,Mobile,0.04,125.79,"volume in million, value in rupees crore",
2021,November,NEFT,0.0,2314490.43,"volume in million, value in rupees crore",
2021,November,RTGS,15.53,8631202.61,"volume in million, value in rupees crore",
2021,November,UPI,4186.48,768436.11,"volume in million, value in rupees crore",
2021,October,BHIM,27.16,8497.33,"volume in million, value in rupees crore",
2021,October,Bharat Bill Pay,60.62,10530.2,"volume in million, value in rupees crore",
2021,October,IMPS,430.67,370712.43,"volume in million, value in rupees crore",
2021,October,Mobile,0.04,128.95,"volume in million, value in rupees crore",
2021,October,NEFT,0.0,2476396.56,"volume in million, value in rupees crore",
2021,October,RTGS,18.29,8956918.27,"volume in million, value in rupees crore",
2021,October,UPI,4218.65,771444.98,"volume in million, value in rupees crore",
2021,September,BHIM,25.25,7522.56,"volume in million, value in rupees crore",
2021,September,Bharat Bill Pay,59.55,12027.06,"volume in million, value in rupees crore",
2021,September,IMPS,384.88,324094.24,"volume in million, value in rupees crore",
2021,September,Mobile,0.04,117.89,"volume in million, value in rupees crore",
2021,September,NEFT,0.0,2419688.18,"volume in million, value in rupees crore",
2021,September,RTGS,17.33,9838857.98,"volume in million, value in rupees crore",
2021,September,UPI,3654.3,654351.81,"volume in million, value in rupees crore",
2021,August,BHIM,26.21,8046.96,"volume in million, value in rupees crore",
2021,August,Bharat Bill Pay,58.88,10307.4,"volume in million, value in rupees crore",
2021,August,IMPS,379.71,320202.97,"volume in million, value in rupees crore",
2021,August,Mobile,0.04,113.65,"volume in million, value in rupees crore",
2021,August,NEFT,0.0,2209817.9,"volume in million, value in rupees crore",
2021,August,RTGS,16.51,8936185.69,"volume in million, value in rupees crore",
2021,August,UPI,3555.55,639116.95,"volume in million, value in rupees crore",
2021,July,BHIM,23.65,7426.53,"volume in million, value in rupees crore",
2021,July,Bharat Bill Pay,51.13,9612.87,"volume in million, value in rupees crore",
2021,July,IMPS,349.76,309054.12,"volume in million, value in rupees crore",
2021,July,Mobile,0.04,114.93,"volume in million, value in rupees crore",
2021,July,NEFT,0.0,2204302.78,"volume in million, value in rupees crore",
2021,July,RTGS,16.64,9288983.57,"volume in million, value in rupees crore",
2021,July,UPI,3247.82,606281.14,"volume in million, value in rupees crore",
2021,June,BHIM,22.74,7303.76,"volume in million, value in rupees crore",
2021,June,Bharat Bill Pay,45.47,7934.71,"volume in million, value in rupees crore",
2021,June,IMPS,303.76,284033.21,"volume in million, value in rupees crore",
2021,June,Mobile,0.03,103.37,"volume in million, value in rupees crore",
2021,June,NEFT,0.0,2097771.14,"volume in million, value in rupees crore",
2021,June,RTGS,15.26,8885130.15,"volume in million, value in rupees crore",
2021,June,UPI,2807.51,547373.17,"volume in million, value in rupees crore",
2021,May,BHIM,20.92,6760.07,"volume in million, value in rupees crore",
2021,May,Bharat Bill Pay,39.22,6270.31,"volume in million, value in rupees crore",
2021,May,IMPS,279.81,266241.36,"volume in million, value in rupees crore",
2021,May,Mobile,0.03,89.82,"volume in million, value in rupees crore",
2021,May,NEFT,0.0,1819458.99,"volume in million, value in rupees crore",
2021,May,RTGS,12.23,7211162.33,"volume in million, value in rupees crore",
2021,May,UPI,2539.57,490638.65,"volume in million, value in rupees crore",
2021,April,BHIM,22.16,6872.08,"volume in million, value in rupees crore",
2021,April,Bharat Bill Pay,35.13,5201.92,"volume in million, value in rupees crore",
2021,April,IMPS,322.96,299527.03,"volume in million, value in rupees crore",
2021,April,Mobile,0.03,100.63,"volume in million, value in rupees crore",
2021,April,NEFT,0.0,2046234.56,"volume in million, value in rupees crore",
2021,April,RTGS,15.02,7555042.41,"volume in million, value in rupees crore",
2021,April,UPI,2641.06,493663.68,"volume in million, value in rupees crore",
2021,March,BHIM,24.32,7638.65,"volume in million, value in rupees crore",
2021,March,Bharat Bill Pay,35.23,5195.76,"volume in million, value in rupees crore",
2021,March,IMPS,363.14,327234.43,"volume in million, value in rupees crore",
2021,March,Mobile,0.03,124.62,"volume in million, value in rupees crore",
2021,March,NEFT,0.0,3046328.53,"volume in million, value in rupees crore",
2021,March,RTGS,20.07,11427957.68,"volume in million, value in rupees crore",
2021,March,UPI,2731.68,504886.44,"volume in million, value in rupees crore",
2021,February,BHIM,20.36,6366.88,"volume in million, value in rupees crore",
2021,February,Bharat Bill Pay,28.22,4222.37,"volume in million, value in rupees crore",
2021,February,IMPS,318.79,275229.09,"volume in million, value in rupees crore",
2021,February,Mobile,0.02,93.15,"volume in million, value in rupees crore",
2021,February,NEFT,0.0,2152843.73,"volume in million, value in rupees crore",
2021,February,RTGS,15.62,7645509.54,"volume in million, value in rupees crore",
2021,February,UPI,2292.9,425062.76,"volume in million, value in rupees crore",
2021,January,BHIM,23.28,7448.38,"volume in million, value in rupees crore",
2021,January,Bharat Bill Pay,27.23,4051.91,"volume in million, value in rupees crore",
2021,January,IMPS,346.55,288537.18,"volume in million, value in rupees crore",
2021,January,Mobile,0.03,102.03,"volume in million, value in rupees crore",
2021,January,NEFT,0.0,2165869.49,"volume in million, value in rupees crore",
2021,January,RTGS,15.51,7854553.06,"volume in million, value in rupees crore",
2021,January,UPI,2302.73,431181.89,"volume in million, value in rupees crore",
2020,December,BHIM,24.71,7734.19,"volume in million, value in rupees crore",
2020,December,Bharat Bill Pay,26.21,3898.77,"volume in million, value in rupees crore",
2020,December,IMPS,355.69,292324.15,"volume in million, value in rupees crore",
2020,December,Mobile,0.03,89.94,"volume in million, value in rupees crore",
2020,December,NEFT,0.0,2558304.2,"volume in million, value in rupees crore",
2020,December,RTGS,16.17,9058135.92,"volume in million, value in rupees crore",
2020,December,UPI,2234.16,416176.21,"volume in million, value in rupees crore",
2020,November,BHIM,23.47,7456.95,"volume in million, value in rupees crore",
2020,November,Bharat Bill Pay,23.93,3713.21,"volume in million, value in rupees crore",
2020,November,IMPS,339.11,276458.91,"volume in million, value in rupees crore",
2020,November,Mobile,0.02,82.0,"volume in million, value in rupees crore",
2020,November,NEFT,0.0,2218252.5,"volume in million, value in rupees crore",
2020,November,RTGS,13.61,6802206.41,"volume in million, value in rupees crore",
2020,November,UPI,2210.23,390999.15,"volume in million, value in rupees crore",
2020,October,BHIM,24.44,7866.77,"volume in million, value in rupees crore",
2020,October,Bharat Bill Pay,23.72,3961.41,"volume in million, value in rupees crore",
2020,October,IMPS,318.97,274644.73,"volume in million, value in rupees crore",
2020,October,Mobile,2271.35,792446.35,"volume in million, value in rupees crore",
2020,October,NEFT,0.0,2235389.0,"volume in million, value in rupees crore",
2020,October,RTGS,13.65,7226105.14,"volume in million, value in rupees crore",
2020,October,UPI,2071.62,386106.74,"volume in million, value in rupees crore",
2020,September,BHIM,21.33,7215.09,"volume in million, value in rupees crore",
2020,September,Bharat Bill Pay,23.19,3920.83,"volume in million, value in rupees crore",
2020,September,IMPS,279.61,248661.66,"volume in million, value in rupees crore",
2020,September,Mobile,2091.91,704108.61,"volume in million, value in rupees crore",
2020,September,NEFT,0.0,2165514.5,"volume in million, value in rupees crore",
2020,September,RTGS,12.85,7993813.91,"volume in million, value in rupees crore",
2020,September,UPI,1800.14,329027.66,"volume in million, value in rupees crore",
2020,August,BHIM,20.36,6909.59,"volume in million, value in rupees crore",
2020,August,Bharat Bill Pay,21.21,3782.47,"volume in million, value in rupees crore",
2020,August,IMPS,246.12,235136.91,"volume in million, value in rupees crore",
2020,August,Mobile,1986.47,675276.66,"volume in million, value in rupees crore",
2020,August,NEFT,0.0,1930552.3,"volume in million, value in rupees crore",
2020,August,RTGS,11.53,6382551.72,"volume in million, value in rupees crore",
2020,August,UPI,1618.83,298307.61,"volume in million, value in rupees crore",
2020,July,BHIM,19.77,7229.33,"volume in million, value in rupees crore",
2020,July,Bharat Bill Pay,20.16,3707.44,"volume in million, value in rupees crore",
2020,July,IMPS,222.1,225775.24,"volume in million, value in rupees crore",
2020,July,Mobile,1728.13,637488.73,"volume in million, value in rupees crore",
2020,July,NEFT,0.0,1963113.4,"volume in million, value in rupees crore",
2020,July,RTGS,12.32,7137945.04,"volume in million, value in rupees crore",
2020,July,UPI,1497.36,290537.86,"volume in million, value in rupees crore",
2020,June,BHIM,17.87,6610.45,"volume in million, value in rupees crore",
2020,June,Bharat Bill Pay,17.64,2969.66,"volume in million, value in rupees crore",
2020,June,IMPS,198.91,206950.8,"volume in million, value in rupees crore",
2020,June,Mobile,1618.81,599419.52,"volume in million, value in rupees crore",
2020,June,NEFT,0.0,1906586.1,"volume in million, value in rupees crore",
2020,June,RTGS,11.81,7641699.58,"volume in million, value in rupees crore",
2020,June,UPI,1336.93,261835.0,"volume in million, value in rupees crore",
2020,May,BHIM,16.8,6006.69,"volume in million, value in rupees crore",
2020,May,Bharat Bill Pay,16.54,2178.72,"volume in million, value in rupees crore",
2020,May,IMPS,166.68,169401.68,"volume in million, value in rupees crore",
2020,May,Mobile,1462.2,485512.76,"volume in million, value in rupees crore",
2020,May,NEFT,0.0,1481749.5,"volume in million, value in rupees crore",
2020,May,RTGS,8.87,6225396.23,"volume in million, value in rupees crore",
2020,May,UPI,1234.5,218391.6,"volume in million, value in rupees crore",
2020,April,BHIM,13.9,4492.73,"volume in million, value in rupees crore",
2020,April,Bharat Bill Pay,12.77,1371.17,"volume in million, value in rupees crore",
2020,April,IMPS,122.47,121140.79,"volume in million, value in rupees crore",
2020,April,Mobile,1127.6,364031.15,"volume in million, value in rupees crore",
2020,April,NEFT,0.0,1306406.4,"volume in million, value in rupees crore",
2020,April,RTGS,5.33,5612492.53,"volume in million, value in rupees crore",
2020,April,UPI,999.57,151140.66,"volume in million, value in rupees crore",
2020,March,BHIM,17.05,6049.18,"volume in million, value in rupees crore",
2020,March,Bharat Bill Pay,15.85,1954.06,"volume in million, value in rupees crore",
2020,March,IMPS,216.82,201961.7,"volume in million, value in rupees crore",
2020,March,Mobile,1383.03,520199.11,"volume in million, value in rupees crore",
2020,March,NEFT,0.0,2283664.6,"volume in million, value in rupees crore",
2020,March,RTGS,11.71,10368946.28,"volume in million, value in rupees crore",
2020,March,UPI,1246.84,206462.31,"volume in million, value in rupees crore",
2020,February,BHIM,18.4,6524.11,"volume in million, value in rupees crore",
2020,February,Bharat Bill Pay,14.92,1957.44,"volume in million, value in rupees crore",
2020,February,IMPS,247.8,214565.66,"volume in million, value in rupees crore",
2020,February,Mobile,1428.43,525845.96,"volume in million, value in rupees crore",
2020,February,NEFT,0.0,1870493.6,"volume in million, value in rupees crore",
2020,February,RTGS,13.11,7718960.38,"volume in million, value in rupees crore",
2020,February,UPI,1325.69,222516.95,"volume in million, value in rupees crore",
2020,January,BHIM,18.54,6611.22,"volume in million, value in rupees crore",
2020,January,Bharat Bill Pay,14.8,1967.4,"volume in million, value in rupees crore",
2020,January,IMPS,259.53,216810.7,"volume in million, value in rupees crore",
2020,January,Mobile,1440.27,521367.84,"volume in million, value in rupees crore",
2020,January,NEFT,0.0,1929463.5,"volume in million, value in rupees crore",
2020,January,RTGS,13.51,8558048.85,"volume in million, value in rupees crore",
2020,January,UPI,1305.02,216242.97,"volume in million, value in rupees crore",
2019,December,BHIM,17.82,6316.37,"volume in million, value in rupees crore",
2019,December,Bharat Bill Pay,14.08,1970.02,"volume in million, value in rupees crore",
2019,December,IMPS,256.47,210934.23,"volume in million, value in rupees crore",
2019,December,Mobile,1432.21,493143.67,"volume in million, value in rupees crore",
2019,December,NEFT,0.0,1942230.7,"volume in million, value in rupees crore",
2019,December,RTGS,13.38,8847760.71,"volume in million, value in rupees crore",
2019,December,UPI,1308.4,202520.76,"volume in million, value in rupees crore",
2019,November,BHIM,15.76,5853.5,"volume in million, value in rupees crore",
2019,November,Bharat Bill Pay,13.39,2085.26,"volume in million, value in rupees crore",
2019,November,IMPS,228.08,202903.64,"volume in million, value in rupees crore",
2019,November,Mobile,1362.31,471295.41,"volume in million, value in rupees crore",
2019,November,NEFT,0.0,1734651.2,"volume in million, value in rupees crore",
2019,November,RTGS,13.16,7469568.88,"volume in million, value in rupees crore",
2019,November,UPI,1218.77,189229.09,"volume in million, value in rupees crore",
2019,October,BHIM,16.96,6339.61,"volume in million, value in rupees crore",
2019,October,Bharat Bill Pay,12.6,2257.85,"volume in million, value in rupees crore",
2019,October,IMPS,236.93,212660.44,"volume in million, value in rupees crore",
2019,October,Mobile,1252.54,532759.21,"volume in million, value in rupees crore",
2019,October,NEFT,0.0,1860786.3,"volume in million, value in rupees crore",
2019,October,RTGS,12.67,8937536.16,"volume in million, value in rupees crore",
2019,October,UPI,1148.36,191359.94,"volume in million, value in rupees crore",
2019,September,BHIM,17.18,5924.15,"volume in million, value in rupees crore",
2019,September,Bharat Bill Pay,10.97,1894.53,"volume in million, value in rupees crore",
2019,September,IMPS,204.16,183746.95,"volume in million, value in rupees crore",
2019,September,Mobile,1107.64,470167.59,"volume in million, value in rupees crore",
2019,September,NEFT,0.0,1811780.9,"volume in million, value in rupees crore",
2019,September,RTGS,11.23,9383141.64,"volume in million, value in rupees crore",
2019,September,UPI,955.02,161456.56,"volume in million, value in rupees crore",
2019,August,BHIM,16.89,6132.1,"volume in million, value in rupees crore",
2019,August,Bharat Bill Pay,10.57,1828.36,"volume in million, value in rupees crore",
2019,August,IMPS,200.31,189112.88,"volume in million, value in rupees crore",
2019,August,Mobile,1015.78,328042.87,"volume in million, value in rupees crore",
2019,August,NEFT,0.0,1796152.8,"volume in million, value in rupees crore",
2019,August,RTGS,11.66,9829147.02,"volume in million, value in rupees crore",
2019,August,UPI,918.35,154504.89,"volume in million, value in rupees crore",
2019,July,BHIM,16.01,6121.67,"volume in million, value in rupees crore",
2019,July,Bharat Bill Pay,10.24,1744.08,"volume in million, value in rupees crore",
2019,July,IMPS,189.28,182021.01,"volume in million, value in rupees crore",
2019,July,Mobile,932.49,534124.03,"volume in million, value in rupees crore",
2019,July,NEFT,0.0,178.43,"volume in million, value in rupees crore",
2019,July,RTGS,12.51,10886126.26,"volume in million, value in rupees crore",
2019,July,UPI,822.29,146386.64,"volume in million, value in rupees crore",
2019,June,BHIM,15.49,6202.49,"volume in million, value in rupees crore",
2019,June,Bharat Bill Pay,9.63,1575.61,"volume in million, value in rupees crore",
2019,June,IMPS,171.33,173019.27,"volume in million, value in rupees crore",
2019,June,Mobile,848.61,497543.06,"volume in million, value in rupees crore",
2019,June,NEFT,0.0,174.96,"volume in million, value in rupees crore",
2019,June,RTGS,11.6,10177607.77,"volume in million, value in rupees crore",
2019,June,UPI,754.54,146566.35,"volume in million, value in rupees crore",
2019,May,BHIM,15.77,6627.42,"volume in million, value in rupees crore",
2019,May,Bharat Bill Pay,9.83,1386.36,"volume in million, value in rupees crore",
2019,May,IMPS,183.33,180456.44,"volume in million, value in rupees crore",
2019,May,Mobile,841.74,485008.29,"volume in million, value in rupees crore",
2019,May,NEFT,0.0,212.78,"volume in million, value in rupees crore",
2019,May,RTGS,12.22,10488616.32,"volume in million, value in rupees crore",
2019,May,UPI,733.54,152449.29,"volume in million, value in rupees crore",
2019,April,BHIM,15.15,6583.58,"volume in million, value in rupees crore",
2019,April,Bharat Bill Pay,8.83,1055.92,"volume in million, value in rupees crore",
2019,April,IMPS,185.04,169197.08,"volume in million, value in rupees crore",
2019,April,Mobile,881.23,402017.51,"volume in million, value in rupees crore",
2019,April,NEFT,0.0,205.47,"volume in million, value in rupees crore",
2019,April,RTGS,11.23,9308065.92,"volume in million, value in rupees crore",
2019,April,UPI,781.79,142034.39,"volume in million, value in rupees crore",
2019,March,BHIM,14.92,6417.02,"volume in million, value in rupees crore",
2019,March,Bharat Bill Pay,9.28,1044.2,"volume in million, value in rupees crore",
2019,March,IMPS,190.18,176288.88,"volume in million, value in rupees crore",
2019,March,Mobile,872.93,440152.75,"volume in million, value in rupees crore",
2019,March,NEFT,0.0,254.7,"volume in million, value in rupees crore",
2019,March,RTGS,13.35,12555100.38,"volume in million, value in rupees crore",
2019,March,UPI,799.54,133460.72,"volume in million, value in rupees crore",
2019,February,BHIM,12.83,5624.21,"volume in million, value in rupees crore",
2019,February,Bharat Bill Pay,7.88,894.15,"volume in million, value in rupees crore",
2019,February,IMPS,166.37,149342.6,"volume in million, value in rupees crore",
2019,February,Mobile,739.41,304725.05,"volume in million, value in rupees crore",
2019,February,NEFT,0.0,192.14,"volume in million, value in rupees crore",
2019,February,RTGS,10.84,9457625.71,"volume in million, value in rupees crore",
2019,February,UPI,674.19,106737.12,"volume in million, value in rupees crore",
2019,January,BHIM,13.98,6202.51,"volume in million, value in rupees crore",
2019,January,Bharat Bill Pay,8.25,971.44,"volume in million, value in rupees crore",
2019,January,IMPS,171.51,152296.81,"volume in million, value in rupees crore",
2019,January,Mobile,710.9,295973.89,"volume in million, value in rupees crore",
2019,January,NEFT,0.0,196.63,"volume in million, value in rupees crore",
2019,January,RTGS,11.5,10699192.26,"volume in million, value in rupees crore",
2019,January,UPI,672.75,109932.43,"volume in million, value in rupees crore",
2018,December,BHIM,17.06,7589.19,"volume in million, value in rupees crore",
2018,December,Bharat Bill Pay,8.28,1018.79,"volume in million, value in rupees crore",
2018,December,IMPS,176.93,146898.58,"volume in million, value in rupees crore",
2018,December,Mobile,661.43,277632.89,"volume in million, value in rupees crore",
2018,December,NEFT,0.0,195.7,"volume in million, value in rupees crore",
2018,December,RTGS,11.05,10133855.92,"volume in million, value in rupees crore",
2018,December,UPI,620.17,102594.82,"volume in million, value in rupees crore",
2018,November,BHIM,17.35,7981.82,"volume in million, value in rupees crore",
2018,November,Bharat Bill Pay,7.39,955.43,"volume in million, value in rupees crore",
2018,November,IMPS,149.94,134756.74,"volume in million, value in rupees crore",
2018,November,Mobile,575.99,249251.58,"volume in million, value in rupees crore",
2018,November,NEFT,0.0,182.47,"volume in million, value in rupees crore",
2018,November,RTGS,10.7,9116291.88,"volume in million, value in rupees crore",
2018,November,UPI,524.94,82232.21,"volume in million, value in rupees crore",
2018,October,BHIM,18.27,8206.37,"volume in million, value in rupees crore",
2018,October,Bharat Bill Pay,6.95,910.49,"volume in million, value in rupees crore",
2018,October,IMPS,154.62,140306.54,"volume in million, value in rupees crore",
2018,October,Mobile,559.48,248017.45,"volume in million, value in rupees crore",
2018,October,NEFT,0.0,192.27,"volume in million, value in rupees crore",
2018,October,RTGS,11.58,9794407.73,"volume in million, value in rupees crore",
2018,October,UPI,482.36,74978.27,"volume in million, value in rupees crore",
2018,September,BHIM,16.33,7064.86,"volume in million, value in rupees crore",
2018,September,Bharat Bill Pay,6.05,771.09,"volume in million, value in rupees crore",
2018,September,IMPS,135.74,125639.83,"volume in million, value in rupees crore",
2018,September,Mobile,489.64,217633.45,"volume in million, value in rupees crore",
2018,September,NEFT,0.0,180.16,"volume in million, value in rupees crore",
2018,September,RTGS,10.14,9180684.1,"volume in million, value in rupees crore",
2018,September,UPI,405.87,59835.36,"volume in million, value in rupees crore",
2018,August,BHIM,16.5,6872.57,"volume in million, value in rupees crore",
2018,August,Bharat Bill Pay,5.36,719.97,"volume in million, value in rupees crore",
2018,August,IMPS,133.58,123733.51,"volume in million, value in rupees crore",
2018,August,Mobile,392.79,208568.85,"volume in million, value in rupees crore",
2018,August,NEFT,0.0,187.12,"volume in million, value in rupees crore",
2018,August,RTGS,10.74,9799352.97,"volume in million, value in rupees crore",
2018,August,UPI,312.02,54212.26,"volume in million, value in rupees crore",
2018,July,BHIM,16.42,6692.66,"volume in million, value in rupees crore",
2018,July,Bharat Bill Pay,4.67,631.51,"volume in million, value in rupees crore",
2018,July,IMPS,127.38,117166.56,"volume in million, value in rupees crore",
2018,July,Mobile,356.08,205982.5,"volume in million, value in rupees crore",
2018,July,NEFT,180.62,173213.73,"volume in million, value in rupees crore",
2018,July,RTGS,10.69,9964634.97,"volume in million, value in rupees crore",
2018,July,UPI,273.75,51843.14,"volume in million, value in rupees crore",
2018,June,BHIM,16.34,6261.25,"volume in million, value in rupees crore",
2018,June,Bharat Bill Pay,3.83,534.06,"volume in million, value in rupees crore",
2018,June,IMPS,120.49,113011.57,"volume in million, value in rupees crore",
2018,June,Mobile,322.97,196604.94,"volume in million, value in rupees crore",
2018,June,NEFT,177.15,190170.81,"volume in million, value in rupees crore",
2018,June,RTGS,11.14,10113388.98,"volume in million, value in rupees crore",
2018,June,UPI,246.37,40834.03,"volume in million, value in rupees crore",
2018,May,BHIM,14.16,5748.47,"volume in million, value in rupees crore",
2018,May,Bharat Bill Pay,3.03,384.74,"volume in million, value in rupees crore",
2018,May,IMPS,116.62,108574.96,"volume in million, value in rupees crore",
2018,May,Mobile,267.91,178943.84,"volume in million, value in rupees crore",
2018,May,NEFT,172.91,171519.64,"volume in million, value in rupees crore",
2018,May,RTGS,11.19,9376533.93,"volume in million, value in rupees crore",
2018,May,UPI,189.48,33288.51,"volume in million, value in rupees crore",
2018,April,BHIM,12.6,4972.69,"volume in million, value in rupees crore",
2018,April,Bharat Bill Pay,2.42,263.43,"volume in million, value in rupees crore",
2018,April,IMPS,109.55,102240.26,"volume in million, value in rupees crore",
2018,April,Mobile,250.62,134839.37,"volume in million, value in rupees crore",
2018,April,NEFT,167.35,163266.41,"volume in million, value in rupees crore",
2018,April,RTGS,10.37,8245743.65,"volume in million, value in rupees crore",
2018,April,UPI,190.08,27021.85,"volume in million, value in rupees crore",
2018,March,BHIM,11.95,4839.65,"volume in million, value in rupees crore",
2018,March,IMPS,110.16,103804.02,"volume in million, value in rupees crore",
2018,March,Mobile,239.9,141503.46,"volume in million, value in rupees crore",
2018,March,NEFT,212.01,225407.71,"volume in million, value in rupees crore",
2018,March,RTGS,12.36,11249867.83,"volume in million, value in rupees crore",
2018,March,UPI,178.05,24172.6,"volume in million, value in rupees crore",
2018,February,BHIM,9.88,4011.16,"volume in million, value in rupees crore",
2018,February,IMPS,99.25,88270.33,"volume in million, value in rupees crore",
2018,February,Mobile,223.25,113660.43,"volume in million, value in rupees crore",
2018,February,NEFT,165.59,148439.0,"volume in million, value in rupees crore",
2018,February,RTGS,10.34,8213479.75,"volume in million, value in rupees crore",
2018,February,UPI,171.4,19126.2,"volume in million, value in rupees crore",
2018,January,BHIM,9.57,3647.19,"volume in million, value in rupees crore",
2018,January,IMPS,99.59,88213.58,"volume in million, value in rupees crore",
2018,January,Mobile,215.01,111407.83,"volume in million, value in rupees crore",
2018,January,NEFT,170.21,153740.67,"volume in million, value in rupees crore",
2018,January,RTGS,10.85,9586637.02,"volume in million, value in rupees crore",
2018,January,UPI,151.83,15571.2,"volume in million, value in rupees crore",
2017,December,BHIM,9.07,3083.21,"volume in million, value in rupees crore",
2017,December,IMPS,98.01,87106.19,"volume in million, value in rupees crore",
2017,December,Mobile,206.52,105700.18,"volume in million, value in rupees crore",
2017,December,NEFT,169.05,157792.02,"volume in million, value in rupees crore",
2017,December,RTGS,10.58,9055783.25,"volume in million, value in rupees crore",
2017,December,UPI,145.64,13174.24,"volume in million, value in rupees crore",
2017,November,BHIM,8.19,2548.81,"volume in million, value in rupees crore",
2017,November,IMPS,89.49,78257.69,"volume in million, value in rupees crore",
2017,November,Mobile,184.97,106541.94,"volume in million, value in rupees crore",
2017,November,NEFT,161.97,138839.98,"volume in million, value in rupees crore",
2017,November,RTGS,10.51,8755012.9,"volume in million, value in rupees crore",
2017,November,UPI,105.02,9669.33,"volume in million, value in rupees crore",
2017,October,BHIM,7.63,2348.7,"volume in million, value in rupees crore",
2017,October,IMPS,88.12,75041.61,"volume in million, value in rupees crore",
2017,October,Mobile,150.68,91702.5,"volume in million, value in rupees crore",
2017,October,NEFT,158.78,138512.78,"volume in million, value in rupees crore",
2017,October,RTGS,9.71,8208441.61,"volume in million, value in rupees crore",
2017,October,UPI,76.96,7057.78,"volume in million, value in rupees crore",
2017,September,BHIM,7.6,2245.34,"volume in million, value in rupees crore",
2017,September,IMPS,82.85,71759.59,"volume in million, value in rupees crore",
2017,September,Mobile,113.89,86219.85,"volume in million, value in rupees crore",
2017,September,NEFT,157.67,141821.41,"volume in million, value in rupees crore",
2017,September,RTGS,9.32,9152164.56,"volume in million, value in rupees crore",
2017,September,UPI,30.98,5325.81,"volume in million, value in rupees crore",
2017,August,BHIM,6.81,1898.63,"volume in million, value in rupees crore",
2017,August,IMPS,75.66,65149.47,"volume in million, value in rupees crore",
2017,August,Mobile,98.25,80506.39,"volume in million, value in rupees crore",
2017,August,NEFT,151.61,125003.78,"volume in million, value in rupees crore",
2017,August,RTGS,9.16,7915780.92,"volume in million, value in rupees crore",
2017,August,UPI,16.8,4156.62,"volume in million, value in rupees crore",
2017,July,BHIM,5.43,1600.14,"volume in million, value in rupees crore",
2017,July,IMPS,69.07,60476.19,"volume in million, value in rupees crore",
2017,July,Mobile,103.54,81161.42,"volume in million, value in rupees crore",
2017,July,NEFT,148.14,120115.99,"volume in million, value in rupees crore",
2017,July,RTGS,9.07,7767579.98,"volume in million, value in rupees crore",
2017,July,UPI,11.63,3411.35,"volume in million, value in rupees crore",
2017,June,BHIM,4.62,1486.71,"volume in million, value in rupees crore",
2017,June,IMPS,65.84,59654.53,"volume in million, value in rupees crore",
2017,June,Mobile,115.73,180764.83,"volume in million, value in rupees crore",
2017,June,NEFT,152.34,126941.98,"volume in million, value in rupees crore",
2017,June,RTGS,9.51,8333094.82,"volume in million, value in rupees crore",
2017,June,UPI,10.35,3098.36,"volume in million, value in rupees crore",
2017,May,BHIM,3.98,1306.73,"volume in million, value in rupees crore",
2017,May,IMPS,66.72,58559.08,"volume in million, value in rupees crore",
2017,May,Mobile,114.26,213420.27,"volume in million, value in rupees crore",
2017,May,NEFT,155.82,124108.11,"volume in million, value in rupees crore",
2017,May,RTGS,10.09,8071662.09,"volume in million, value in rupees crore",
2017,May,UPI,9.36,2797.07,"volume in million, value in rupees crore",
2017,April,BHIM,3.19,1002.15,"volume in million, value in rupees crore",
2017,April,IMPS,65.08,56205.84,"volume in million, value in rupees crore",
2017,April,Mobile,106.27,161265.39,"volume in million, value in rupees crore",
2017,April,NEFT,143.17,121561.72,"volume in million, value in rupees crore",
2017,April,RTGS,9.23,7360369.54,"volume in million, value in rupees crore",
2017,April,UPI,7.2,2271.24,"volume in million, value in rupees crore",
2017,March,BHIM,2.46,823.1,"volume in million, value in rupees crore",
2017,March,IMPS,67.41,56468.35,"volume in million, value in rupees crore",
2017,March,Mobile,113.65,173088.15,"volume in million, value in rupees crore",
2017,March,NEFT,186.7,162945.0,"volume in million, value in rupees crore",
2017,March,RTGS,12.14,11182501.41,"volume in million, value in rupees crore",
2017,March,UPI,6.37,2425.14,"volume in million, value in rupees crore",
2017,February,BHIM,1.97,623.15,"volume in million, value in rupees crore",
2017,February,IMPS,59.75,48221.29,"volume in million, value in rupees crore",
2017,February,Mobile,95.41,127993.26,"volume in million, value in rupees crore",
2017,February,NEFT,148.21,108779.09,"volume in million, value in rupees crore",
2017,February,RTGS,8.8,6638230.68,"volume in million, value in rupees crore",
2017,February,UPI,4.38,1937.71,"volume in million, value in rupees crore",
2017,January,BHIM,1.72,356.5,"volume in million, value in rupees crore",
2017,January,IMPS,62.43,49125.6,"volume in million, value in rupees crore",
2017,January,Mobile,106.13,138305.37,"volume in million, value in rupees crore",
2017,January,NEFT,164.19,113550.75,"volume in million, value in rupees crore",
2017,January,RTGS,8.98,6886364.83,"volume in million, value in rupees crore",
2017,January,UPI,4.46,1696.22,"volume in million, value in rupees crore",
2016,December,BHIM,0.04,1.85,"volume in million, value in rupees crore",
2016,December,IMPS,52.86,43200.7,"volume in million, value in rupees crore",
2016,December,Mobile,110.64,149818.25,"volume in million, value in rupees crore",
2016,December,NEFT,166.31,115376.33,"volume in million, value in rupees crore",
2016,December,RTGS,8.47,7270257.31,"volume in million, value in rupees crore",
2016,December,UPI,1.99,707.93,"volume in million, value in rupees crore",
2016,November,IMPS,36.17,32480.53,"volume in million, value in rupees crore",
2016,November,Mobile,87.47,136570.03,"volume in million, value in rupees crore",
2016,November,NEFT,123.05,88078.85,"volume in million, value in rupees crore",
2016,November,RTGS,7.56,6688017.35,"volume in million, value in rupees crore",
2016,November,UPI,0.29,100.46,"volume in million, value in rupees crore",
2016,October,IMPS,42.11,34371.15,"volume in million, value in rupees crore",
2016,October,Mobile,78.12,113940.51,"volume in million, value in rupees crore",
2016,October,NEFT,133.21,95045.02,"volume in million, value in rupees crore",
2016,October,RTGS,8.67,6553385.59,"volume in million, value in rupees crore",
2016,October,UPI,0.1,48.57,"volume in million, value in rupees crore",
2016,September,IMPS,35.93,28911.77,"volume in million, value in rupees crore",
2016,September,Mobile,72.63,104259.94,"volume in million, value in rupees crore",
2016,September,NEFT,120.15,98801.65,"volume in million, value in rupees crore",
2016,September,RTGS,8.13,7406912.57,"volume in million, value in rupees crore",
2016,September,UPI,0.09,32.64,"volume in million, value in rupees crore",
2016,August,IMPS,33.89,26848.86,"volume in million, value in rupees crore",
2016,August,Mobile,71.76,103897.33,"volume in million, value in rupees crore",
2016,August,NEFT,118.56,87641.4,"volume in million, value in rupees crore",
2016,August,RTGS,8.21,6649595.07,"volume in million, value in rupees crore",
2016,August,UPI,0.09,3.09,"volume in million, value in rupees crore",
2016,July,IMPS,32.18,25853.79,"volume in million, value in rupees crore",
2016,July,Mobile,67.47,80959.12,"volume in million, value in rupees crore",
2016,July,NEFT,113.48,81453.88,"volume in million, value in rupees crore",
2016,July,RTGS,7.92,6471826.39,"volume in million, value in rupees crore",
2016,July,UPI,0.09,0.38,"volume in million, value in rupees crore",
2016,June,IMPS,29.68,23716.52,"volume in million, value in rupees crore",
2016,June,Mobile,63.17,67347.53,"volume in million, value in rupees crore",
2016,June,NEFT,118.29,88153.07,"volume in million, value in rupees crore",
2016,June,RTGS,8.46,7202419.25,"volume in million, value in rupees crore",
2016,June,UPI,0.0,0.0,"volume in million, value in rupees crore",
2016,May,IMPS,27.66,21617.76,"volume in million, value in rupees crore",
2016,May,Mobile,61.73,61813.36,"volume in million, value in rupees crore",
2016,May,NEFT,117.5,77325.43,"volume in million, value in rupees crore",
2016,May,RTGS,8.34,6493973.0,"volume in million, value in rupees crore",
2016,May,UPI,0.0,0.0,"volume in million, value in rupees crore",
2016,April,IMPS,26.78,21044.3,"volume in million, value in rupees crore",
2016,April,Mobile,48.67,52483.19,"volume in million, value in rupees crore",
2016,April,NEFT,111.84,83245.17,"volume in million, value in rupees crore",
2016,April,RTGS,7.97,5551568.13,"volume in million, value in rupees crore",
2016,April,UPI,0.0,0.0,"volume in million, value in rupees crore",
2016,March,IMPS,25.98,19873.07,"volume in million, value in rupees crore",
2016,March,Mobile,49.48,57280.4,"volume in million, value in rupees crore",
2016,March,NEFT,129.24,102263.59,"volume in million, value in rupees crore",
2016,March,RTGS,9.48,8466198.68,"volume in million, value in rupees crore",
2016,February,IMPS,23.8,16967.04,"volume in million, value in rupees crore",
2016,February,Mobile,44.65,54000.18,"volume in million, value in rupees crore",
2016,February,NEFT,110.17,72786.02,"volume in million, value in rupees crore",
2016,February,RTGS,7.87,5949606.26,"volume in million, value in rupees crore",
2016,January,IMPS,22.48,16559.22,"volume in million, value in rupees crore",
2016,January,Mobile,42.8,46521.01,"volume in million, value in rupees crore",
2016,January,NEFT,118.97,70867.5,"volume in million, value in rupees crore",
2016,January,RTGS,7.86,5530739.89,"volume in million, value in rupees crore",
2015,December,IMPS,20.52,15073.11,"volume in million, value in rupees crore",
2015,December,Mobile,39.49,49029.14,"volume in million, value in rupees crore",
2015,December,NEFT,119.61,81972.09,"volume in million, value in rupees crore",
2015,December,RTGS,7.67,5871263.81,"volume in million, value in rupees crore",
2015,November,IMPS,19.08,13767.06,"volume in million, value in rupees crore",
2015,November,Mobile,40.45,33471.48,"volume in million, value in rupees crore",
2015,November,NEFT,99.82,63701.62,"volume in million, value in rupees crore",
2015,November,RTGS,7.26,4528107.84,"volume in million, value in rupees crore",
2015,October,IMPS,19.42,13704.96,"volume in million, value in rupees crore",
2015,October,Mobile,32.48,30567.72,"volume in million, value in rupees crore",
2015,October,NEFT,114.6,69068.8,"volume in million, value in rupees crore",
2015,October,RTGS,7.97,5352047.64,"volume in million, value in rupees crore",
2015,September,IMPS,17.72,12070.87,"volume in million, value in rupees crore",
2015,September,Mobile,27.11,26960.21,"volume in million, value in rupees crore",
2015,September,NEFT,98.54,68602.07,"volume in million, value in rupees crore",
2015,September,RTGS,7.41,5839137.66,"volume in million, value in rupees crore",
2015,August,IMPS,16.65,11906.97,"volume in million, value in rupees crore",
2015,August,Mobile,25.16,21798.44,"volume in million, value in rupees crore",
2015,August,NEFT,95.94,61533.77,"volume in million, value in rupees crore",
2015,August,RTGS,7.46,5560225.94,"volume in million, value in rupees crore",
2015,July,IMPS,15.6,11217.2,"volume in million, value in rupees crore",
2015,July,Mobile,25.02,21456.2,"volume in million, value in rupees crore",
2015,July,NEFT,103.11,62893.69,"volume in million, value in rupees crore",
2015,July,RTGS,7.87,5971399.49,"volume in million, value in rupees crore",
2015,June,IMPS,13.82,10324.97,"volume in million, value in rupees crore",
2015,June,Mobile,21.87,20291.06,"volume in million, value in rupees crore",
2015,June,NEFT,91.22,63245.8,"volume in million, value in rupees crore",
2015,June,RTGS,7.88,6428003.55,"volume in million, value in rupees crore",
2015,May,IMPS,13.32,10675.33,"volume in million, value in rupees crore",
2015,May,Mobile,21.36,19918.05,"volume in million, value in rupees crore",
2015,May,NEFT,88.13,55360.27,"volume in million, value in rupees crore",
2015,May,RTGS,7.69,5105791.85,"volume in million, value in rupees crore",
2015,April,IMPS,12.37,10089.18,"volume in million, value in rupees crore",
2015,April,Mobile,19.78,18869.36,"volume in million, value in rupees crore",
2015,April,NEFT,83.53,60437.47,"volume in million, value in rupees crore",
2015,April,RTGS,7.54,5487654.09,"volume in million, value in rupees crore",
2015,March,IMPS,12.02,9414.7,"volume in million, value in rupees crore",
2015,March,Mobile,19.76,16913.83,"volume in million, value in rupees crore",
2015,March,NEFT,106.0,71730.91,"volume in million, value in rupees crore",
2015,March,RTGS,9.26,7564994.69,"volume in million, value in rupees crore",
2015,February,IMPS,10.08,7590.82,"volume in million, value in rupees crore",
2015,February,Mobile,17.91,14066.37,"volume in million, value in rupees crore",
2015,February,NEFT,81.19,50464.14,"volume in million, value in rupees crore",
2015,February,RTGS,7.34,4851693.17,"volume in million, value in rupees crore",
2015,January,IMPS,9.33,6972.62,"volume in million, value in rupees crore",
2015,January,Mobile,18.07,12917.42,"volume in million, value in rupees crore",
2015,January,NEFT,80.22,50847.34,"volume in million, value in rupees crore",
2015,January,RTGS,7.52,5135636.44,"volume in million, value in rupees crore",
2014,December,IMPS,8.38,6036.55,"volume in million, value in rupees crore",
2014,December,Mobile,16.78,11323.29,"volume in million, value in rupees crore",
2014,December,NEFT,83.49,55733.64,"volume in million, value in rupees crore",
2014,December,RTGS,7.81,5766928.09,"volume in million, value in rupees crore",
2014,November,IMPS,7.09,5259.01,"volume in million, value in rupees crore",
2014,November,Mobile,15.28,10232.52,"volume in million, value in rupees crore",
2014,November,NEFT,69.12,46167.5,"volume in million, value in rupees crore",
2014,November,RTGS,7.02,4666199.73,"volume in million, value in rupees crore",
2014,October,IMPS,6.51,4898.8,"volume in million, value in rupees crore",
2014,October,NEFT,73.29,47814.96,"volume in million, value in rupees crore",
2014,October,RTGS,6.87,4770096.66,"volume in million, value in rupees crore",
2014,September,IMPS,5.86,4294.64,"volume in million, value in rupees crore",
2014,September,NEFT,88.0,53933.64,"volume in million, value in rupees crore",
2014,September,RTGS,7.34,6064001.24,"volume in million, value in rupees crore",
2014,August,IMPS,4.8,3519.74,"volume in million, value in rupees crore",
2014,August,NEFT,66.98,45204.03,"volume in million, value in rupees crore",
2014,August,RTGS,6.62,4654569.09,"volume in million, value in rupees crore",
2014,July,IMPS,4.26,3018.64,"volume in million, value in rupees crore",
2014,July,Mobile,11.54,4421.78,"volume in million, value in rupees crore",
2014,July,NEFT,71.67,45778.44,"volume in million, value in rupees crore",
2014,July,RTGS,7.17,4837616.32,"volume in million, value in rupees crore",
2014,June,IMPS,3.71,2610.06,"volume in million, value in rupees crore",
2014,June,Mobile,10.73,3985.32,"volume in million, value in rupees crore",
2014,June,NEFT,67.86,45095.23,"volume in million, value in rupees crore",
2014,June,RTGS,7.1,5409201.54,"volume in million, value in rupees crore",
2014,May,IMPS,3.3,2416.0,"volume in million, value in rupees crore",
2014,May,Mobile,10.89,3882.06,"volume in million, value in rupees crore",
2014,May,NEFT,69.11,43073.79,"volume in million, value in rupees crore",
2014,May,RTGS,7.41,4731239.01,"volume in million, value in rupees crore",
2014,April,IMPS,3.11,2157.24,"volume in million, value in rupees crore",
2014,April,Mobile,10.17,3296.12,"volume in million, value in rupees crore",
2014,April,NEFT,70.62,42195.59,"volume in million, value in rupees crore",
2014,April,RTGS,6.92,4652898.11,"volume in million, value in rupees crore",
2014,March,IMPS,3.0,2050.03,"volume in million, value in rupees crore",
2014,March,Mobile,10.74,3407.06,"volume in million, value in rupees crore",
2014,March,NEFT,82.83,53122.53,"volume in million, value in rupees crore",
2014,March,RTGS,8.22,6521262.82,"volume in million, value in rupees crore",
2014,February,IMPS,2.23,1455.6,"volume in million, value in rupees crore",
2014,February,Mobile,8.86,2636.49,"volume in million, value in rupees crore",
2014,February,NEFT,64.15,36560.47,"volume in million, value in rupees crore",
2014,February,RTGS,6.31,4225935.78,"volume in million, value in rupees crore",
2014,January,IMPS,2.03,1320.28,"volume in million, value in rupees crore",
2014,January,Mobile,9.52,2625.29,"volume in million, value in rupees crore",
2014,January,NEFT,65.91,38715.35,"volume in million, value in rupees crore",
2014,January,RTGS,6.74,4889942.0,"volume in million, value in rupees crore",
2013,December,IMPS,1.84,1170.15,"volume in million, value in rupees crore",
2013,December,Mobile,8.89,2261.3,"volume in million, value in rupees crore",
2013,December,NEFT,60.36,39292.84,"volume in million, value in rupees crore",
2013,December,RTGS,6.65,5050273.49,"volume in million, value in rupees crore",
2013,November,IMPS,1.31,881.6,"volume in million, value in rupees crore",
2013,November,Mobile,8.13,1963.24,"volume in million, value in rupees crore",
2013,November,NEFT,52.65,33326.5,"volume in million, value in rupees crore",
2013,November,RTGS,6.03,4146006.69,"volume in million, value in rupees crore",
2013,October,IMPS,1.22,731.84,"volume in million, value in rupees crore",
2013,October,Mobile,7.79,1954.32,"volume in million, value in rupees crore",
2013,October,NEFT,56.91,38601.87,"volume in million, value in rupees crore",
2013,October,RTGS,6.55,4705788.38,"volume in million, value in rupees crore",
2013,September,IMPS,1.02,552.75,"volume in million, value in rupees crore",
2013,September,Mobile,7.17,1565.99,"volume in million, value in rupees crore",
2013,September,NEFT,51.25,34344.47,"volume in million, value in rupees crore",
2013,September,RTGS,5.86,4913013.82,"volume in million, value in rupees crore",
2013,August,Mobile,6.76,1412.78,"volume in million, value in rupees crore",
2013,August,NEFT,47.62,31505.78,"volume in million, value in rupees crore",
2013,August,RTGS,5.81,4265224.32,"volume in million, value in rupees crore",
2013,July,Mobile,7.03,1284.04,"volume in million, value in rupees crore",
2013,July,NEFT,50.42,34443.87,"volume in million, value in rupees crore",
2013,July,RTGS,6.15,4821620.6,"volume in million, value in rupees crore",
2013,June,Mobile,6.63,1147.71,"volume in million, value in rupees crore",
2013,June,NEFT,43.19,32530.71,"volume in million, value in rupees crore",
2013,June,RTGS,5.74,4792952.49,"volume in million, value in rupees crore",
2013,May,Mobile,6.87,1194.07,"volume in million, value in rupees crore",
2013,May,NEFT,45.06,32895.0,"volume in million, value in rupees crore",
2013,May,RTGS,6.26,4493161.91,"volume in million, value in rupees crore",
2013,April,Mobile,6.33,986.15,"volume in million, value in rupees crore",
2013,April,NEFT,40.66,32479.6,"volume in million, value in rupees crore",
2013,April,RTGS,6.04,4536217.36,"volume in million, value in rupees crore",
2013,March,Mobile,6.4,991.93,"volume in million, value in rupees crore",
2013,March,NEFT,47.09,36024.76,"volume in million, value in rupees crore",
2013,March,RTGS,6.83,6003757.37,"volume in million, value in rupees crore",
2013,February,Mobile,5.44,807.07,"volume in million, value in rupees crore",
2013,February,NEFT,38.29,25603.48,"volume in million, value in rupees crore",
2013,February,RTGS,5.46,4071671.99,"volume in million, value in rupees crore",
2013,January,Mobile,5.55,624.85,"volume in million, value in rupees crore",
2013,January,NEFT,38.36,28148.75,"volume in million, value in rupees crore",
2013,January,RTGS,5.88,4371366.79,"volume in million, value in rupees crore",
2012,December,Mobile,5.22,598.14,"volume in million, value in rupees crore",
2012,December,NEFT,35.54,26676.77,"volume in million, value in rupees crore",
2012,December,RTGS,5.65,4412022.95,"volume in million, value in rupees crore",
2012,November,Mobile,4.72,538.95,"volume in million, value in rupees crore",
2012,November,NEFT,33.71,23015.52,"volume in million, value in rupees crore",
2012,November,RTGS,5.19,3571731.85,"volume in million, value in rupees crore",
2012,October,Mobile,4.44,497.65,"volume in million, value in rupees crore",
2012,October,NEFT,34.84,253421.07,"volume in million, value in rupees crore",
2012,October,RTGS,5.46,4192528.15,"volume in million, value in rupees crore",
2012,September,Mobile,3.9,410.45,"volume in million, value in rupees crore",
2012,September,NEFT,29.43,227293.89,"volume in million, value in rupees crore",
2012,September,RTGS,4.75,4535591.42,"volume in million, value in rupees crore",
2012,August,Mobile,3.97,354.86,"volume in million, value in rupees crore",
2012,August,NEFT,29.28,210775.53,"volume in million, value in rupees crore",
2012,August,RTGS,4.79,4046832.34,"volume in million, value in rupees crore",
2012,July,Mobile,3.71,337.97,"volume in million, value in rupees crore",
2012,July,NEFT,29.25,210899.74,"volume in million, value in rupees crore",
2012,July,RTGS,5.11,4190325.28,"volume in million, value in rupees crore",
2012,June,Mobile,3.44,306.71,"volume in million, value in rupees crore",
2012,June,NEFT,27.19,207026.17,"volume in million, value in rupees crore",
2012,June,RTGS,5.12,4992298.49,"volume in million, value in rupees crore",
2012,May,Mobile,3.35,286.55,"volume in million, value in rupees crore",
2012,May,NEFT,27.23,19947.69,"volume in million, value in rupees crore",
2012,May,RTGS,5.17,3521900.31,"volume in million, value in rupees crore",
2012,April,Mobile,3.18,234.57,"volume in million, value in rupees crore",
2012,April,NEFT,23.77,19549.56,"volume in million, value in rupees crore",
2012,April,RTGS,4.58,3389759.79,"volume in million, value in rupees crore",
2012,March,Mobile,3.12,232.53,"volume in million, value in rupees crore",
2012,March,NEFT,27.11,24038.89,"volume in million, value in rupees crore",
2012,March,RTGS,5.91,4966993.93,"volume in million, value in rupees crore",
2012,February,Mobile,2.8,196.04,"volume in million, value in rupees crore",
2012,February,NEFT,21.63,17650.29,"volume in million, value in rupees crore",
2012,February,RTGS,4.68,3200965.1,"volume in million, value in rupees crore",
2012,January,Mobile,2.84,190.9,"volume in million, value in rupees crore",
2012,January,NEFT,20.63,17057.0,"volume in million, value in rupees crore",
2012,January,RTGS,4.64,3185659.39,"volume in million, value in rupees crore",
2011,December,NEFT,20.61,160345.0,"volume in million, value in rupees crore",
2011,December,RTGS,4.73,3773742.81,"volume in million, value in rupees crore",
2011,November,NEFT,18.79,136215.39,"volume in million, value in rupees crore",
2011,November,RTGS,4.37,2920578.91,"volume in million, value in rupees crore",
2011,October,NEFT,19.25,142033.17,"volume in million, value in rupees crore",
2011,October,RTGS,4.14,2848738.7,"volume in million, value in rupees crore",
2011,September,NEFT,17.56,136551.05,"volume in million, value in rupees crore",
2011,September,RTGS,4.02,3431898.77,"volume in million, value in rupees crore",
2011,August,NEFT,17.33,122567.9,"volume in million, value in rupees crore",
2011,August,RTGS,3.82,2868727.91,"volume in million, value in rupees crore",
2011,July,NEFT,16.63,128353.72,"volume in million, value in rupees crore",
2011,July,RTGS,3.81,2926783.39,"volume in million, value in rupees crore",
2011,June,NEFT,15.94,131994.81,"volume in million, value in rupees crore",
2011,June,RTGS,3.92,3454780.81,"volume in million, value in rupees crore",
2011,May,NEFT,15.77,114532.32,"volume in million, value in rupees crore",
2011,May,RTGS,3.94,3070944.95,"volume in million, value in rupees crore",
2011,April,NEFT,14.87,130294.5,"volume in million, value in rupees crore",
2011,April,RTGS,3.04,2874633.74,"volume in million, value in rupees crore",
2011,March,NEFT,16.36,150380.68,"volume in million, value in rupees crore",
2011,March,RTGS,4.43,4486952.95,"volume in million, value in rupees crore",
2011,February,NEFT,13.43,90588.35,"volume in million, value in rupees crore",
2011,February,RTGS,3.52,2832225.44,"volume in million, value in rupees crore",
2011,January,NEFT,12.96,93888.32,"volume in million, value in rupees crore",
2011,January,RTGS,3.53,2860861.47,"volume in million, value in rupees crore",
2010,December,NEFT,13.46,93663.82,"volume in million, value in rupees crore",
2010,December,RTGS,3.6,3450012.25,"volume in million, value in rupees crore",
2010,November,NEFT,11.75,77361.09,"volume in million, value in rupees crore",
2010,November,RTGS,3.72,3006349.76,"volume in million, value in rupees crore",
2010,October,NEFT,11.63,77703.52,"volume in million, value in rupees crore",
2010,October,RTGS,4.41,3102982.43,"volume in million, value in rupees crore",
2010,September,NEFT,9.83,61619.61,"volume in million, value in rupees crore",
2010,September,RTGS,3.83,3070013.19,"volume in million, value in rupees crore",
2010,August,NEFT,9.8,61641.84,"volume in million, value in rupees crore",
2010,August,RTGS,3.9,2556679.28,"volume in million, value in rupees crore",
2010,July,NEFT,9.46,67051.68,"volume in million, value in rupees crore",
2010,July,RTGS,3.86,2664682.44,"volume in million, value in rupees crore",
2010,June,NEFT,8.42,52447.21,"volume in million, value in rupees crore",
2010,June,RTGS,3.8,2872284.41,"volume in million, value in rupees crore",
2010,May,NEFT,7.74,55867.16,"volume in million, value in rupees crore",
2010,May,RTGS,3.65,2480707.11,"volume in million, value in rupees crore",
2010,April,NEFT,7.47,49865.56,"volume in million, value in rupees crore",
2010,April,RTGS,3.47,2802542.1,"volume in million, value in rupees crore",
2010,March,NEFT,8.28,43897.45,"volume in million, value in rupees crore",
2010,March,RTGS,4.06,3728731.22,"volume in million, value in rupees crore",
2010,February,NEFT,6.4,35494.49,"volume in million, value in rupees crore",
2010,February,RTGS,3.11,2209498.0,"volume in million, value in rupees crore",
2010,January,NEFT,6.18,32105.92,"volume in million, value in rupees crore",
2010,January,RTGS,3.01,2391646.42,"volume in million, value in rupees crore",
2009,December,RTGS,3.03,2698072.77,"volume in million, value in rupees crore",
2009,November,RTGS,2.7,2122556.52,"volume in million, value in rupees crore",
2009,October,NEFT,5.92,29490.4,"volume in million, value in rupees crore",
2009,October,RTGS,2.68,2611319.99,"volume in million, value in rupees crore",
2009,September,NEFT,4.93,25701.64,"volume in million, value in rupees crore",
2009,September,RTGS,2.22,2639052.07,"volume in million, value in rupees crore",
2009,August,NEFT,5.2,27846.82,"volume in million, value in rupees crore",
2009,August,RTGS,2.11,2451621.3,"volume in million, value in rupees crore",
2009,July,NEFT,5.07,27318.47,"volume in million, value in rupees crore",
2009,July,RTGS,2.12,2361696.14,"volume in million, value in rupees crore",
2009,June,NEFT,4.48,23813.28,"volume in million, value in rupees crore",
2009,June,RTGS,2.01,2414892.93,"volume in million, value in rupees crore",
2009,April,NEFT,3.92,21834.81,"volume in million, value in rupees crore",
2009,April,RTGS,1.62,1882570.44,"volume in million, value in rupees crore",
2009,March,NEFT,4.03,24809.73,"volume in million, value in rupees crore",
2009,March,RTGS,1.72,2427783.53,"volume in million, value in rupees crore",
2009,February,NEFT,3.3,18644.27,"volume in million, value in rupees crore",
2009,February,RTGS,1.31,1588921.37,"volume in million, value in rupees crore",
2009,January,NEFT,3.2,18691.0,"volume in million, value in rupees crore",
2009,January,RTGS,1.24,1617258.72,"volume in million, value in rupees crore",
2008,December,NEFT,3.17,19145.03,"volume in million, value in rupees crore",
2008,November,NEFT,2.7,15704.98,"volume in million, value in rupees crore",
2008,November,RTGS,0.96,1333676.48,"volume in million, value in rupees crore",
2008,October,NEFT,3.05,18260.13,"volume in million, value in rupees crore",
2008,October,RTGS,0.92,1600262.02,"volume in million, value in rupees crore",
2008,September,NEFT,2.5,15177.97,"volume in million, value in rupees crore",
2008,September,RTGS,0.78,1856151.15,"volume in million, value in rupees crore",
2008,August,NEFT,2.23,13078.15,"volume in million, value in rupees crore",
2008,August,RTGS,0.69,1436487.67,"volume in million, value in rupees crore",
2008,July,NEFT,2.28,12694.57,"volume in million, value in rupees crore",
2008,July,RTGS,0.69,1587652.09,"volume in million, value in rupees crore",
2008,June,NEFT,1.9,11326.13,"volume in million, value in rupees crore",
2008,June,RTGS,0.62,1646155.13,"volume in million, value in rupees crore",
